id,name,model_id:id,group_id:id,perm_read,perm_write,perm_create,perm_unlink
access_payment_plan_user,payment.plan.user,model_payment_plan,sales_team.group_sale_salesman,1,1,1,0
access_payment_plan_manager,payment.plan.manager,model_payment_plan,sales_team.group_sale_manager,1,1,1,1
access_payment_plan_line_user,payment.plan.line.user,model_payment_plan_line,sales_team.group_sale_salesman,1,1,1,1
access_payment_plan_calculator_wizard,payment.plan.calculator.wizard,model_payment_plan_calculator_wizard,sales_team.group_sale_salesman,1,1,1,1
access_payment_plan_line_allocation_user,payment.plan.line.allocation.user,model_payment_plan_line_allocation,sales_team.group_sale_salesman,1,1,1,1
access_payment_plan_line_allocation_wizard,payment.plan.line.allocation.wizard,model_payment_plan_line_allocation_wizard,sales_team.group_sale_salesman,1,1,1,1
access_payment_plan_line_allocation_wizard_line,payment.plan.line.allocation.wizard.line,model_payment_plan_line_allocation_wizard_line,sales_team.group_sale_salesman,1,1,1,1
